Workbook

Sheet Original
A1: Time | B1: TC_Bottom_rec_groove | C1: TC_botm_Ind | D1: TC1_tip | E1: TC2 | F1: TC3 | G1: TC4 | H1: TC5 | I1: TC6 | J1: TC7 | K1: TC8 | L1: TC9 | M1: TC10 | N1: TC_wall_ins_ext | O1: TC_bottom_ins_groove
A2: Seconds | B2: °C | C2: °C | D2: °C | E2: °C | F2: °C | G2: °C | H2: °C | I2: °C | J2: °C | K2: °C | L2: °C | M2: °C | N2: °C | O2: °C
A4: 0 | B4: 360.55 | C4: 23.25 | D4: 366.67 | E4: 370.06 | F4: 371.88 | G4: 373.51 | H4: 373.58 | I4: 376.08 | J4: 374.02 | K4: 374.88 | L4: 373.21 | M4: 361.46 | N4: 25.74 | O4: 35.6
A5: 1 | B5: 360.55 | C5: 23.25 | D5: 366.63 | E5: 370.03 | F5: 371.87 | G5: 373.5 | H5: 373.58 | I5: 376.06 | J5: 374.01 | K5: 374.86 | L5: 373.26 | M5: 361.46 | N5: 25.74 | O5: 35.6
A6: 2 | B6: 360.54 | C6: 23.27 | D6: 366.61 | E6: 370 | F6: 371.88 | G6: 373.5 | H6: 373.58 | I6: 376.05 | J6: 374.01 | K6: 374.85 | L6: 373.33 | M6: 361.46 | N6: 25.72 | O6: 35.59
A7: 3 | B7: 360.54 | C7: 23.29 | D7: 366.58 | E7: 369.98 | F7: 371.86 | G7: 373.49 | H7: 373.57 | I7: 376.03 | J7: 373.99 | K7: 374.84 | L7: 373.39 | M7: 361.43 | N7: 25.73 | O7: 35.59
A8: 4 | B8: 360.52 | C8: 23.31 | D8: 366.54 | E8: 369.95 | F8: 371.85 | G8: 373.49 | H8: 373.55 | I8: 376.04 | J8: 373.98 | K8: 374.84 | L8: 373.43 | M8: 361.39 | N8: 25.73 | O8: 35.59
A9: 5 | B9: 360.51 | C9: 23.33 | D9: 366.48 | E9: 369.91 | F9: 371.83 | G9: 373.49 | H9: 373.54 | I9: 376.02 | J9: 373.96 | K9: 374.83 | L9: 373.44 | M9: 361.35 | N9: 25.73 | O9: 35.59
A10: 6 | B10: 360.51 | C10: 23.35 | D10: 366.45 | E10: 369.89 | F10: 371.82 | G10: 373.48 | H10: 373.55 | I10: 376.02 | J10: 373.95 | K10: 374.83 | L10: 373.35 | M10: 361.3 | N10: 25.73 | O10: 35.59
A11: 7 | B11: 360.49 | C11: 23.37 | D11: 366.37 | E11: 369.86 | F11: 371.81 | G11: 373.48 | H11: 373.54 | I11: 376.01 | J11: 373.94 | K11: 374.82 | L11: 373.11 | M11: 361.22 | N11: 25.72 | O11: 35.59
A12: 8 | B12: 360.47 | C12: 23.37 | D12: 366.28 | E12: 369.82 | F12: 371.78 | G12: 373.5 | H12: 373.53 | I12: 376.01 | J12: 373.91 | K12: 374.83 | L12: 372.86 | M12: 361.12 | N12: 25.74 | O12: 35.6
A13: 9 | B13: 360.47 | C13: 23.36 | D13: 366.24 | E13: 369.81 | F13: 371.77 | G13: 373.48 | H13: 373.54 | I13: 376.01 | J13: 373.9 | K13: 374.83 | L13: 372.87 | M13: 361.04 | N13: 25.74 | O13: 35.6
A14: 10 | B14: 360.47 | C14: 23.36 | D14: 366.2 | E14: 369.79 | F14: 371.76 | G14: 373.49 | H14: 373.53 | I14: 376 | J14: 373.91 | K14: 374.85 | L14: 372.99 | M14: 360.99 | N14: 25.75 | O14: 35.6
A15: 11 | B15: 360.45 | C15: 23.36 | D15: 366.16 | E15: 369.77 | F15: 371.76 | G15: 373.49 | H15: 373.53 | I15: 376 | J15: 373.91 | K15: 374.87 | L15: 373.14 | M15: 360.96 | N15: 25.74 | O15: 35.6
... A744: 740 | B744: 368.5 | C744: 23.73 | D744: 362.38 | E744: 359.43 | F744: 361.55 | G744: 361.81 | H744: 361.57 | I744: 363.34 | J744: 362.51 | K744: 363.12 | L744: 363.22 | M744: 353.08 | N744: 26.2 | O744: 35.86
A745: 741 | B745: 368.54 | C745: 23.73 | D745: 362.47 | E745: 359.3 | F745: 361.56 | G745: 361.8 | H745: 361.61 | I745: 363.36 | J745: 362.54 | K745: 363.1 | L745: 363.27 | M745: 353.11 | N745: 26.2 | O745: 35.86 | AC745: =745+60 -> 805
A746: 742 | B746: 368.58 | C746: 23.72 | D746: 362.52 | E746: 359.12 | F746: 361.56 | G746: 361.82 | H746: 361.64 | I746: 363.4 | J746: 362.6 | K746: 363.12 | L746: 363.3 | M746: 353.16 | N746: 26.21 | O746: 35.86
A747: 743 | B747: 368.62 | C747: 23.71 | D747: 362.55 | E747: 359.02 | F747: 361.54 | G747: 361.84 | H747: 361.7 | I747: 363.46 | J747: 362.63 | K747: 363.21 | L747: 363.34 | M747: 353.18 | N747: 26.2 | O747: 35.85
A748: 744 | B748: 368.66 | C748: 23.7 | D748: 362.38 | E748: 358.93 | F748: 361.49 | G748: 361.86 | H748: 361.74 | I748: 363.51 | J748: 362.66 | K748: 363.3 | L748: 363.34 | M748: 353.2 | N748: 26.2 | O748: 35.85
A749: 745 | B749: 368.69 | C749: 23.69 | D749: 362.15 | E749: 358.88 | F749: 361.45 | G749: 361.88 | H749: 361.77 | I749: 363.53 | J749: 362.67 | K749: 363.34 | L749: 363.31 | M749: 353.18 | N749: 26.2 | O749: 35.85
A750: 746 | B750: 368.7 | C750: 23.71 | D750: 361.97 | E750: 358.87 | F750: 361.44 | G750: 361.91 | H750: 361.78 | I750: 363.56 | J750: 362.65 | K750: 363.37 | L750: 363.31 | M750: 353.16 | N750: 26.19 | O750: 35.85
A751: 747 | B751: 368.71 | C751: 23.73 | D751: 361.85 | E751: 358.87 | F751: 361.46 | G751: 361.95 | H751: 361.8 | I751: 363.58 | J751: 362.64 | K751: 363.33 | L751: 363.34 | M751: 353.16 | N751: 26.2 | O751: 35.86
A752: 748 | B752: 368.72 | C752: 23.74 | D752: 361.75 | E752: 358.85 | F752: 361.46 | G752: 361.97 | H752: 361.8 | I752: 363.59 | J752: 362.62 | K752: 363.27 | L752: 363.38 | M752: 353.16 | N752: 26.2 | O752: 35.85
A753: 749 | B753: 368.73 | C753: 23.73 | D753: 361.64 | E753: 358.81 | F753: 361.48 | G753: 361.97 | H753: 361.82 | I753: 363.59 | J753: 362.64 | K753: 363.29 | L753: 363.44 | M753: 353.18 | N753: 26.19 | O753: 35.86
A754: 750 | B754: 368.75 | C754: 23.71 | D754: 361.48 | E754: 358.74 | F754: 361.49 | G754: 361.98 | H754: 361.84 | I754: 363.6 | J754: 362.64 | K754: 363.35 | L754: 363.49 | M754: 353.21 | N754: 26.2 | O754: 35.85
A755: 751 | B755: 368.74 | C755: 23.71 | D755: 361.33 | E755: 358.69 | F755: 361.51 | G755: 361.98 | H755: 361.85 | I755: 363.61 | J755: 362.62 | K755: 363.35 | L755: 363.54 | M755: 353.25 | N755: 26.19 | O755: 35.86
A756: 752 | B756: 368.74 | C756: 23.71 | D756: 361.26 | E756: 358.64 | F756: 361.53 | G756: 361.98 | H756: 361.87 | I756: 363.61 | J756: 362.58 | K756: 363.33 | L756: 363.57 | M756: 353.29 | N756: 26.2 | O756: 35.87
A757: 753 | B757: 368.73 | C757: 23.72 | D757: 361.23 | E757: 358.57 | F757: 361.54 | G757: 361.97 | H757: 361.86 | I757: 363.6 | J757: 362.5 | K757: 363.36 | L757: 363.61 | M757: 353.34 | N757: 26.2 | O757: 35.86
... A1284: 1280 | B1284: 353.76 | C1284: 23.82 | D1284: 353.92 | E1284: 353.39 | F1284: 354.18 | G1284: 354.54 | H1284: 354.01 | I1284: 355.86 | J1284: 353.71 | K1284: 354.22 | L1284: 350.26 | M1284: 327.02 | N1284: 26.46 | O1284: 36.08

Sheet analysis
A1: Time Rel | B1: Time Rel | C1: Time | D1: TC_Bottom_rec_groove | E1: TC_botm_Ind | F1: TC1_tip | G1: TC2 | H1: TC3 | I1: TC4 | J1: TC5 | K1: TC6 | L1: TC7 | M1: TC8 | N1: TC9 | O1: TC10 | P1: TC_wall_ins_ext | Q1: TC_bottom_ins_groove | S1: Bulk_Avg | T1: Bulk_std | U1: IR
A2: Min | B2: Sec | C2: Seconds | D2: °C | E2: °C | F2: °C | G2: °C | H2: °C | I2: °C | J2: °C | K2: °C | L2: °C | M2: °C | N2: °C | O2: °C | P2: °C | Q2: °C | U2: C
A4: =B4/60 -> 0 | B4: =C4-C4 -> 0 | C4: 488 | D4: 358.66 | E4: 23.37 | F4: 359.77 | G4: 359.12 | H4: 359.82 | I4: 360.22 | J4: 359.61 | K4: 361.54 | L4: 359.06 | M4: 359.61 | N4: 356.12 | O4: 334.98 | P4: 26.15 | Q4: 35.75 | S4: =AVERAGE(G4:N4) -> 359.3875 | T4: =_xlfn.STDEV.P(G4:N4) -> 1.4347365 | U4: 345.1625
A5: =B5/60 -> 3 | B5: =C5-C4 -> 180 | C5: 668 | D5: 367.94 | E5: 23.51 | F5: 362.06 | G5: 359.19 | H5: 361.33 | I5: 361.39 | J5: 361.12 | K5: 362.83 | L5: 361.99 | M5: 362.85 | N5: 362.84 | O5: 351.73 | P5: 26.19 | Q5: 35.81 | S5: =AVERAGE(G5:N5) -> 361.6925 | T5: =_xlfn.STDEV.P(G5:N5) -> 1.1646968 | U5: 350.2497
A6: =B6/60 -> 5.5 | B6: =C6-C4 -> 330 | C6: 818 | D6: 369.76 | E6: 23.6 | F6: 361.57 | G6: 358.92 | H6: 361.59 | I6: 362.18 | J6: 361.95 | K6: 363.65 | L6: 363.03 | M6: 363.45 | N6: 363.45 | O6: 354.48 | P6: 26.2 | Q6: 35.91 | S6: =AVERAGE(G6:N6) -> 362.2775 | T6: =_xlfn.STDEV.P(G6:N6) -> 1.4603831 | U6: 352.0439
A7: =B7/60 -> 8 | B7: =C7-C4 -> 480 | C7: 968 | D7: 371.29 | E7: 23.72 | F7: 362.51 | G7: 359.64 | H7: 362.97 | I7: 363.35 | J7: 362.8 | K7: 364.26 | L7: 363.98 | M7: 364.79 | N7: 365.02 | O7: 355.63 | P7: 26.2 | Q7: 35.95 | S7: =AVERAGE(G7:N7) -> 363.35125 | T7: =_xlfn.STDEV.P(G7:N7) -> 1.5928939 | U7: 353.5335
A10: Upper 0 | D10: =D4 - (D4*0.75%) - 0.5 - (D4*0.2%) -> 354.75273 | E10: =E4 - (E4*0.75%) - 0.5 - (E4*0.2%) -> 22.647985 | F10: =F4 - (F4*0.75%) - 0.5 - (F4*0.2%) -> 355.85218 | G10: =G4 - (G4*0.75%) - 0.5 - (G4*0.2%) -> 355.20836 | H10: =H4 - (H4*0.75%) - 0.5 - (H4*0.2%) -> 355.90171 | I10: =I4 - (I4*0.75%) - 0.5 - (I4*0.2%) -> 356.29791 | J10: =J4 - (J4*0.75%) - 0.5 - (J4*0.2%) -> 355.69371 | K10: =K4 - (K4*0.75%) - 0.5 - (K4*0.2%) -> 357.60537 | ... O10: =O4 - (O4*0.75%) - 0.5 - (O4*0.2%) -> 331.29769
A11: Lower 0 | D11: =D4+ (D4*0.75%) + 0.5 + (D4*0.2%) -> 362.56727 | E11: =E4+ (E4*0.75%) + 0.5 + (E4*0.2%) -> 24.092015 | F11: =F4+ (F4*0.75%) + 0.5 + (F4*0.2%) -> 363.68782 | G11: =G4+ (G4*0.75%) + 0.5 + (G4*0.2%) -> 363.03164 | H11: =H4+ (H4*0.75%) + 0.5 + (H4*0.2%) -> 363.73829 | I11: =I4+ (I4*0.75%) + 0.5 + (I4*0.2%) -> 364.14209 | J11: =J4+ (J4*0.75%) + 0.5 + (J4*0.2%) -> 363.5263 | K11: =K4+ (K4*0.75%) + 0.5 + (K4*0.2%) -> 365.47463 | ... O11: =O4+ (O4*0.75%) + 0.5 + (O4*0.2%) -> 338.66231
A12: STD 0 | D12: =_xlfn.STDEV.P(D4,D10,D11) -> 3.1902726 | E12: =_xlfn.STDEV.P(E4,E10,E11) -> 0.58952278 | F12: =_xlfn.STDEV.P(F4,F10,F11) -> 3.1988826 | G12: =_xlfn.STDEV.P(G4,G10,G11) -> 3.1938407 | H12: =_xlfn.STDEV.P(H4,H10,H11) -> 3.1992704 | I12: =_xlfn.STDEV.P(I4,I10,I11) -> 3.2023731 | J12: =_xlfn.STDEV.P(J4,J10,J11) -> 3.1976415 | K12: =_xlfn.STDEV.P(K4,K10,K11) -> 3.2126119 | ... O12: =_xlfn.STDEV.P(O4,O10,O11) -> 3.0065935
A14: Upper 2.5 | D14: =D5 - (D5*0.75%) - 0.5 - (D5*0.2%) -> 363.94457 | E14: =E5 - (E5*0.75%) - 0.5 - (E5*0.2%) -> 22.786655 | F14: =F5 - (F5*0.75%) - 0.5 - (F5*0.2%) -> 358.12043 | G14: =G5 - (G5*0.75%) - 0.5 - (G5*0.2%) -> 355.27769 | H14: =H5 - (H5*0.75%) - 0.5 - (H5*0.2%) -> 357.39736 | I14: =I5 - (I5*0.75%) - 0.5 - (I5*0.2%) -> 357.45679 | J14: =J5 - (J5*0.75%) - 0.5 - (J5*0.2%) -> 357.18936 | K14: =K5 - (K5*0.75%) - 0.5 - (K5*0.2%) -> 358.88311 | ... O14: =O5 - (O5*0.75%) - 0.5 - (O5*0.2%) -> 347.88857 | U14: IR
A15: Lower 2.5 | D15: =D5+ (D5*0.75%) +0.5 +(D5*0.2%) -> 371.93543 | E15: =E5+ (E5*0.75%) +0.5 +(E5*0.2%) -> 24.233345 | F15: =F5+ (F5*0.75%) +0.5 +(F5*0.2%) -> 365.99957 | G15: =G5+ (G5*0.75%) +0.5 +(G5*0.2%) -> 363.10231 | H15: =H5+ (H5*0.75%) +0.5 +(H5*0.2%) -> 365.26263 | I15: =I5+ (I5*0.75%) +0.5 +(I5*0.2%) -> 365.3232 | J15: =J5+ (J5*0.75%) +0.5 +(J5*0.2%) -> 365.05064 | K15: =K5+ (K5*0.75%) +0.5 +(K5*0.2%) -> 366.77688 | ... O15: =O5+ (O5*0.75%) +0.5 +(O5*0.2%) -> 355.57144 | R15: 488 | U15: =488-235 -> 253
A16: STD 2.5 | D16: =_xlfn.STDEV.P(D5,D14,D15) -> 3.2622549 | E16: =_xlfn.STDEV.P(E5,E14,E15) -> 0.59060872 | F16: =_xlfn.STDEV.P(F5,F14,F15) -> 3.2166454 | G16: =_xlfn.STDEV.P(G5,G14,G15) -> 3.1943837 | H16: =_xlfn.STDEV.P(H5,H14,H15) -> 3.210983 | I16: =_xlfn.STDEV.P(I5,I14,I15) -> 3.2114484 | J16: =_xlfn.STDEV.P(J5,J14,J15) -> 3.2093541 | K16: =_xlfn.STDEV.P(K5,K14,K15) -> 3.2226181 | ... O16: =_xlfn.STDEV.P(O5,O14,O15) -> 3.1365185 | R16: =R15+30+150 -> 668 | U16: =U15+30+150 -> 433
R17: =R16+150 -> 818 | U17: =U16+150 -> 583
R18: =R17+150 -> 968 | U18: =U17+150 -> 733
A19: Upper 5 | D19: =D6 - (D6*0.75%) -0.5 - (D6*0.2%) -> 365.74728 | E19: =E6 - (E6*0.75%) -0.5 - (E6*0.2%) -> 22.8758 | F19: =F6 - (F6*0.75%) -0.5 - (F6*0.2%) -> 357.63509 | G19: =G6 - (G6*0.75%) -0.5 - (G6*0.2%) -> 355.01026 | H19: =H6 - (H6*0.75%) -0.5 - (H6*0.2%) -> 357.65489 | I19: =I6 - (I6*0.75%) -0.5 - (I6*0.2%) -> 358.23929 | J19: =J6 - (J6*0.75%) -0.5 - (J6*0.2%) -> 358.01147 | K19: =K6 - (K6*0.75%) -0.5 - (K6*0.2%) -> 359.69532 | ... O19: =O6 - (O6*0.75%) -0.5 - (O6*0.2%) -> 350.61244
A20: Lower 5 | D20: =D6 + (D6*0.75%) + 0.5 + (D6*0.2%) -> 373.77272 | E20: =E6 + (E6*0.75%) + 0.5 + (E6*0.2%) -> 24.3242 | F20: =F6 + (F6*0.75%) + 0.5 + (F6*0.2%) -> 365.50491 | G20: =G6 + (G6*0.75%) + 0.5 + (G6*0.2%) -> 362.82974 | H20: =H6 + (H6*0.75%) + 0.5 + (H6*0.2%) -> 365.5251 | I20: =I6 + (I6*0.75%) + 0.5 + (I6*0.2%) -> 366.12071 | J20: =J6 + (J6*0.75%) + 0.5 + (J6*0.2%) -> 365.88853 | K20: =K6 + (K6*0.75%) + 0.5 + (K6*0.2%) -> 367.60467 | ... O20: =O6 + (O6*0.75%) + 0.5 + (O6*0.2%) -> 358.34756
A21: STD 5 | D21: =_xlfn.STDEV.P(D6,D19,D20) -> 3.2763722 | E21: =_xlfn.STDEV.P(E6,E19,E20) -> 0.59130682 | F21: =_xlfn.STDEV.P(F6,F19,F20) -> 3.2128446 | G21: =_xlfn.STDEV.P(G6,G19,G20) -> 3.1922893 | H21: =_xlfn.STDEV.P(H6,H19,H20) -> 3.2129998 | I21: =_xlfn.STDEV.P(I6,I19,I20) -> 3.2175762 | J21: =_xlfn.STDEV.P(J6,J19,J20) -> 3.2157922 | K21: =_xlfn.STDEV.P(K6,K19,K20) -> 3.2289786 | ... O21: =_xlfn.STDEV.P(O6,O19,O20) -> 3.1578495
A23: Upper 7.5 | D23: =D7 - (D7*0.75%) -0.5 - (D7*0.2%) -> 367.26275 | E23: =E7 - (E7*0.75%) -0.5 - (E7*0.2%) -> 22.99466 | F23: =F7 - (F7*0.75%) -0.5 - (F7*0.2%) -> 358.56616 | G23: =G7 - (G7*0.75%) -0.5 - (G7*0.2%) -> 355.72342 | H23: =H7 - (H7*0.75%) -0.5 - (H7*0.2%) -> 359.02179 | I23: =I7 - (I7*0.75%) -0.5 - (I7*0.2%) -> 359.39818 | J23: =J7 - (J7*0.75%) -0.5 - (J7*0.2%) -> 358.8534 | K23: =K7 - (K7*0.75%) -0.5 - (K7*0.2%) -> 360.29953 | ... O23: =O7 - (O7*0.75%) -0.5 - (O7*0.2%) -> 351.75152
A24: Lower 7.5 | D24: =D7 + (D7*0.75%) + 0.5 + (D7*0.2%) -> 375.31725 | E24: =E7 + (E7*0.75%) + 0.5 + (E7*0.2%) -> 24.44534 | F24: =F7 + (F7*0.75%) + 0.5 + (F7*0.2%) -> 366.45384 | G24: =G7 + (G7*0.75%) + 0.5 + (G7*0.2%) -> 363.55658 | H24: =H7 + (H7*0.75%) + 0.5 + (H7*0.2%) -> 366.91822 | I24: =I7 + (I7*0.75%) + 0.5 + (I7*0.2%) -> 367.30183 | J24: =J7 + (J7*0.75%) + 0.5 + (J7*0.2%) -> 366.7466 | K24: =K7 + (K7*0.75%) + 0.5 + (K7*0.2%) -> 368.22047 | ... O24: =O7 + (O7*0.75%) + 0.5 + (O7*0.2%) -> 359.50848
A25: STD 7.5 | D25: =_xlfn.STDEV.P(D7,D23,D24) -> 3.2882399 | E25: =_xlfn.STDEV.P(E7,E23,E24) -> 0.59223763 | F25: =_xlfn.STDEV.P(F7,F23,F24) -> 3.220136 | G25: =_xlfn.STDEV.P(G7,G23,G24) -> 3.1978742 | H25: =_xlfn.STDEV.P(H7,H23,H24) -> 3.223704 | I25: =_xlfn.STDEV.P(I7,I23,I24) -> 3.2266516 | J25: =_xlfn.STDEV.P(J7,J23,J24) -> 3.2223854 | K25: =_xlfn.STDEV.P(K7,K23,K24) -> 3.2337102 | ... O25: =_xlfn.STDEV.P(O7,O23,O24) -> 3.1667697
A27: TC locations and top region
A29: in | B29: m | E29: m with top added | K29: top portion in mm enter here | L29: top portion in m
A30: 0 | B30: =A30*0.0254 -> 0 | E30: =B30+L37 -> 0.00543 | G30: =E30*-1 -> -0.00543 | K30: 6 | L30: =K30*0.001 -> 0.006
A31: 0.667 | B31: =A31*0.0254 -> 0.0169418 | E31: =B31+L37 -> 0.0223718 | G31: =E31*-1 -> -0.0223718
A32: 1.334 | B32: =A32*0.0254 -> 0.0338836 | E32: =B32+L37 -> 0.0393136 | G32: =E32*-1 -> -0.0393136
A33: 2.001 | B33: =A33*0.0254 -> 0.0508254 | E33: =B33+L37 -> 0.0562554 | G33: =E33*-1 -> -0.0562554
A34: 2.668 | B34: =A34*0.0254 -> 0.0677672 | E34: =B34+L37 -> 0.0731972 | G34: =E34*-1 -> -0.0731972
A35: 3.335 | B35: =A35*0.0254 -> 0.084709 | E35: =B35+L37 -> 0.090139 | G35: =E35*-1 -> -0.090139
A36: 4.002 | B36: =A36*0.0254 -> 0.1016508 | E36: =B36+L37 -> 0.1070808 | G36: =E36*-1 -> -0.1070808 | K36: Total salt depth (m) | L36: =((6.5-0.05)*0.0254)-L30 -> 0.15783
A37: 4.669 | B37: =A37*0.0254 -> 0.1185926 | E37: =B37+L37 -> 0.1240226 | G37: =E37*-1 -> -0.1240226 | K37: Addition on top of probe (m) | L37: =L36-B39 -> 0.00543
A38: 5.336 | B38: =A38*0.0254 -> 0.1355344 | E38: =B38+L37 -> 0.1409644 | G38: =E38*-1 -> -0.1409644
A39: 6 | B39: =A39*0.0254 -> 0.1524 | E39: =B39+L37 -> 0.15783 | G39: =E39*-1 -> -0.15783

Sheet surf
A1: reltime | B1: Rec-000078.seq:Ellipse 1 [C]:mean
A2: 0 | B2: 347.6675
A3: 0.034 | B3: 347.6611
A4: 0.067 | B4: 347.6655
A5: 0.1 | B5: 347.6486
A6: 0.134 | B6: 347.6564
A7: 0.167 | B7: 347.6462
A8: 0.2 | B8: 347.6429
A9: 0.233 | B9: 347.651
A10: 0.267 | B10: 347.6572
A11: 0.3 | B11: 347.6661
A12: 0.333 | B12: 347.6656
A13: 0.367 | B13: 347.6683
... A30680: 1037.652 | B30680: 340.3417

Sheet plotting
A1: Depth | B1: =analysis!G39 -> -0.15783 | C1: =analysis!G38 -> -0.1409644 | D1: =analysis!G37 -> -0.1240226 | E1: =analysis!G36 -> -0.1070808 | F1: =analysis!G35 -> -0.090139 | G1: =analysis!G34 -> -0.0731972 | H1: =analysis!G33 -> -0.0562554 | I1: =analysis!G32 -> -0.0393136 | J1: =analysis!G31 -> -0.0223718 | K1: =analysis!G30 -> -0.00543
A2: Temperature 0 | B2: =analysis!D4 -> 358.66 | C2: =analysis!G4 -> 359.12 | D2: =analysis!H4 -> 359.82 | E2: =analysis!I4 -> 360.22 | F2: =analysis!J4 -> 359.61 | G2: =analysis!K4 -> 361.54 | H2: =analysis!L4 -> 359.06 | I2: =analysis!M4 -> 359.61 | J2: =analysis!N4 -> 356.12 | K2: =analysis!O4 -> 334.98
A3: Temperature 2.5 | B3: =analysis!D5 -> 367.94 | C3: =analysis!G5 -> 359.19 | D3: =analysis!H5 -> 361.33 | E3: =analysis!I5 -> 361.39 | F3: =analysis!J5 -> 361.12 | G3: =analysis!K5 -> 362.83 | H3: =analysis!L5 -> 361.99 | I3: =analysis!M5 -> 362.85 | J3: =analysis!N5 -> 362.84 | K3: =analysis!O5 -> 351.73
A4: Temperature 5 | B4: =analysis!D6 -> 369.76 | C4: =analysis!G6 -> 358.92 | D4: =analysis!H6 -> 361.59 | E4: =analysis!I6 -> 362.18 | F4: =analysis!J6 -> 361.95 | G4: =analysis!K6 -> 363.65 | H4: =analysis!L6 -> 363.03 | I4: =analysis!M6 -> 363.45 | J4: =analysis!N6 -> 363.45 | K4: =analysis!O6 -> 354.48
A5: Temperature 7.5 | B5: =analysis!D7 -> 371.29 | C5: =analysis!G7 -> 359.64 | D5: =analysis!H7 -> 362.97 | E5: =analysis!I7 -> 363.35 | F5: =analysis!J7 -> 362.8 | G5: =analysis!K7 -> 364.26 | H5: =analysis!L7 -> 363.98 | I5: =analysis!M7 -> 364.79 | J5: =analysis!N7 -> 365.02 | K5: =analysis!O7 -> 355.63
A9: std 0 | B9: =analysis!D12 -> 3.1902726 | C9: =analysis!G12 -> 3.1938407 | D9: =analysis!H12 -> 3.1992704 | E9: =analysis!I12 -> 3.2023731 | F9: =analysis!J12 -> 3.1976415 | G9: =analysis!K12 -> 3.2126119 | H9: =analysis!L12 -> 3.1933753 | I9: =analysis!M12 -> 3.1976415 | J9: =analysis!N12 -> 3.1705705 | K9: =analysis!O12 -> 3.0065935
A10: std 2.5 | B10: =analysis!D16 -> 3.2622549 | C10: =analysis!G16 -> 3.1943837 | D10: =analysis!H16 -> 3.210983 | E10: =analysis!I16 -> 3.2114484 | F10: =analysis!J16 -> 3.2093541 | G10: =analysis!K16 -> 3.2226181 | H10: =analysis!L16 -> 3.2161025 | I10: =analysis!M16 -> 3.2227732 | J10: =analysis!N16 -> 3.2226957 | K10: =analysis!O16 -> 3.1365185
A11: std 5 | B11: =analysis!D21 -> 3.2763722 | C11: =analysis!G21 -> 3.1922893 | D11: =analysis!H21 -> 3.2129998 | E11: =analysis!I21 -> 3.2175762 | F11: =analysis!J21 -> 3.2157922 | G11: =analysis!K21 -> 3.2289786 | H11: =analysis!L21 -> 3.2241695 | I11: =analysis!M21 -> 3.2274273 | J11: =analysis!N21 -> 3.2274273 | K11: =analysis!O21 -> 3.1578495
A12: std 7.5 | B12: =analysis!D25 -> 3.2882399 | C12: =analysis!G25 -> 3.1978742 | D12: =analysis!H25 -> 3.223704 | E12: =analysis!I25 -> 3.2266516 | F12: =analysis!J25 -> 3.2223854 | G12: =analysis!K25 -> 3.2337102 | H12: =analysis!L25 -> 3.2315383 | I12: =analysis!M25 -> 3.2378213 | J12: =analysis!N25 -> 3.2396053 | K12: =analysis!O25 -> 3.1667697
